{"stats":{"minecraft:dropped":{"minecraft:snow":1},"minecraft:killed":{"minecraft:sheep":1},"minecraft:custom":{"minecraft:time_since_rest":9449,"minecraft:crouch_one_cm":69,"minecraft:sprint_one_cm":16295,"minecraft:play_time":9449,"minecraft:walk_one_cm":6093,"minecraft:sneak_time":488,"minecraft:walk_under_water_one_cm":284,"minecraft:mob_kills":1,"minecraft:drop":1,"minecraft:jump":130,"minecraft:damage_dealt":80,"minecraft:leave_game":3,"minecraft:walk_on_water_one_cm":81,"minecraft:time_since_death":9449,"minecraft:climb_one_cm":1339,"minecraft:total_world_time":9744,"minecraft:fly_one_cm":140718},"minecraft:picked_up":{"minecraft:snow":1,"minecraft:mutton":1,"minecraft:white_wool":1},"minecraft:used":{"minecraft:netherite_sword":1,"minecraft:sea_lantern":6,"minecraft:snow":17,"minecraft:light_blue_concrete":161,"minecraft:snow_block":1,"minecraft:andesite":1,"minecraft:ladder":4}},"DataVersion":3465}